email,fields_0,fields_1,fields_2,fields_3,fields_4,fields_5,fields_6,fields_7,fields_8,fields_9,fields_10,fields_11,fields_12,fields_13,fields_14,fields_15,fields_16,fields_17,fields_18,fields_19,fields_20,fields_21,fields_22,fields_23,fields_24,fields_25,fields_26,fields_27,fields_28,fields_29,fields_30,fields_31,fields_32,fields_33,fields_34,fields_35,fields_36,fields_37,fields_38,fields_39,fields_40,fields_41,fields_42,fields_43,fields_44,fields_45,fields_46,fields_47,fields_48,fields_49,fields_50,fields_51,fields_52,fields_53,fields_54,fields_55,fields_56,fields_57,fields_58,fields_59,fields_60,fields_61,fields_62,fields_63,fields_64,fields_65,fields_66,fields_67,fields_68,fields_69,fields_70,fields_71,fields_72,fields_73,fields_74
gina.henson@hades.myemma.com,x,asdc,NBdNV,TLZC,kPOL,sQh,MRkl,mDGns,L,Zx,RhArgl,WYh,t,HnwGA,XGsf,Oc,VzCziW,yudTgv,oVcBmI,DulY,ulsM,Qbs,JvARt,scyK,YhoC,Vs,Ikyy,ANPlsW,ecuk,YckAKZ,pIrvO,A,cT,YR,j,wyhNLM,Mxhwbq,UXMY,FlA,VD,TKTPde,YA,dh,fQd,un,cnP,LfVMf,ET,x,Hny,n,Wri,bOVpyA,bjs,VgC,b,xBq,k,gGCy,OBq,t,KEVN,lk,gBG,ENh,s,c,Czwb,qGz,pcry,wAhY,mcYy,fwS,G,Q
henry.landry@hades.myemma.com,Qc,asdcn,KCQS,RPIUm,XB,dAt,uiOo,PTGNO,GU,VFj,lG,ENvPN,O,qs,Xgd,ChspGw,VPa,leH,C,lYLna,uqF,j,lpiIn,APjhh,uMmzqd,BYu,dscLP,sgB,n,n,KZ,gJbY,Wab,m,JHv,zDObm,Cv,bKir,ZBGK,TiWPOB,gDR,GxvG,Yf,IP,enBi,NWT,VIdbXm,z,fMbcyp,Akym,cfw,i,WBvbhg,QMT,FHc,LKkSp,OTTBD,h,QW,BmPApk,YxJxfk,TKyI,pZZikI,VHnTzH,q,OOuA,pr,K,Bk,mBUbnE,jRxK,W,riCel,hm,mBuSuA
sarah.shaw@hades.myemma.com,zdcU,XJFp,AIpT,xaA,,WKie,x,z,Tij,EwgL,abi,j,q,Mr,pHK,K,CMfDi,AlWT,PFw,hyeZe,HPgRo,DuHelR,BB,iTE,hrQ,tcntOz,bNs,H,XcZVh,R,Kmz,njJhFd,Nz,VWNRpV,MxbLrt,GHGYtz,aFhbI,OUphK,yWGo,FW,wFgAz,dsOTPV,bRd,TOhFx,GWqM,dNBWmM,hPKZ,xZoMVX,afM,ImSrtG,xkQnYg,FnEpBw,Jmbor,yoQqdE,IyX,S,Ikdf,rGySEM,gm,ROx,wg,r,glCv,a,PW,aOkU,P,E,VNR,ViP,u,qfTYnE,yc,w,sEPPI
denise.wallace@hades.myemma.com,GkIX,qRJwQ,DEXCVG,cslJDT,GnwRh,DuJyf,N,sFgw,nQjbbW,Raxdk,VASEK,q,aIHViO,HhPcV,Yy,jeQ,ZbfXF,xKnyUy,vHgV,QAh,bYYQr,yU,es,PpB,L,pd,khdw,rFp,XdoNlN,ZKSELH,oTfcV,chX,ppHP,YKUx,uzHF,aiCZ,MtlP,zS,MYyfL,oe,WkPuUl,d,N,VlLq,RDgk,HQxf,UADjDX,yCFlzV,vsqIlH,DMC,iOEJIz,z,vB,mvn,ygw,XNP,cr,CxQ,IY,r,NWeIi,Cb,bpcTU,dNZ,GuOI,MBF,W,dPmVqF,VBh,CQU,hI,zcxPKl,uFhhx,oUQDQp,ImEqJ
sydney.novak@hades.myemma.com,OGalP,ZP,x,ouHuIq,nz,sgctEU,ojiu,bY,SaT,kj,s,Iw,huY,dvuVwM,s,XvrVQd,EOthxo,bnYZm,mO,pflgK,fZJ,O,lH,HqdZ,Mt,naJ,PGm,lHdG,vdxFB,oI,L,oL,JJf,f,wQzx,An,WAOJ,SbQFzN,jNdfAA,zzMRLK,pSiP,kJ,xgniQl,vxt,w,pKLb,kxufoY,pxx,pvoW,uqIL,kPbTjj,IIGH,aXeqjl,a,Xe,Apm,d,l,PRppm,E,hWpi,OC,r,mGqU,yVJZt,WKLH,qa,dF,L,g,db,TnF,arHp,nT,sNEab
david.shannon@hades.myemma.com,ua,qYvJ,ueJwL,Kx,wVd,MIqji,lze,sz,a,TmKp,hLh,Of,xrnxjK,j,hKO,PF,rih,k,iI,lJZN,qFxiWK,ZLkYo,LYx,g,gonW,Vrcfu,uNBLe,IMWjnG,kfnz,I,pgvkDU,k,ur,jWW,G,HNe,A,oUrsH,opGOfc,EfURg,GMI,YcKjmP,tGIloo,kDQC,lx,iLx,WyvLu,Fw,v,DKwB,skpP,rt,mg,X,Ipfg,bf,nimFz,nf,LrilN,qh,xb,AJ,ZYX,IY,OUqlT,VuAzPB,dbOum,CdS,lLRB,Hr,C,jr,dg,KcY,kqSiAX
dale.johnson@hades.myemma.com,aXkcIh,kjhgvkv,fcnL,JYX,fNgLL,cj,j,qrFysw,ju,S,Un,C,BhdgIG,Kl,xY,ihi,NUZO,bTntG,QKayGv,Mc,WBgq,oPNp,LDMyEt,ipSq,vGyhLG,YylN,oepTNK,dMrx,YAfI,kukvii,Or,AJsxlK,W,XZHzu,C,lS,RZ,eP,SD,mthUk,vo,TU,q,aS,jcNDWI,fpMMi,brmZV,R,n,LevN,Pf,YS,GaD,ULxP,ILgCw,qBa,oJbBZM,zkaZem,dg,C,n,nLKK,Cny,ZNMNHm,ukA,ONySv,VCL,u,ztT,VAD,mp,bvScGE,QcGEkt,cznkk,TnID
erika.velasquez@hades.myemma.com,G,Dl,gYDzo,w,HSxEeT,IZJAG,P,chPZWA,zUHJrs,WsOEZF,Q,OQSm,bxQtD,LtPaGv,ZKhm,WCtq,mGkluV,rl,uqo,iGKe,yx,IsSKA,o,M,Nynr,kTvvi,dYlV,r,vVi,h,mNAO,EpBf,DxXiv,NVxSl,J,E,Ch,a,lBolOO,WLgOF,ZRbgYo,yUnO,JjwVIv,SJA,Hqu,DPsS,N,BIdZp,xqv,gZRaUl,rMAKXN,PXxw,Ncx,D,o,wfHchu,JYTXFu,e,B,FuWS,Ft,DT,EVKxgq,lRRfL,K,dOY,J,ToH,khcp,cfOARw,v,GiCKZj,DMxaT,gjG,ubrG
ann.obrien@hades.myemma.com,n,KBdvQs,Ffd,tbhkN,mDPjU,sB,RvH,Q,NC,MMUuBD,tYKX,iXwemv,zh,SUAek,k,By,xFO,MGfu,kpOp,Lp,fvym,zE,cuXaJd,U,uzp,rP,yGEuSu,c,j,J,qWSWWf,EOxu,b,KI,hDzUnK,tryy,KTZ,N,e,I,yu,bFp,fVO,eWvU,P,RVDlUP,PdxV,tTg,CFNH,TJZmR,JrpumO,n,taR,vkoj,WaYMPY,Wm,iCQ,hli,VQb,FfKv,V,MpBR,Hn,jVmGx,d,LRqq,se,Ix,cDrY,HDrJ,Vb,emBa,MK,ShUZRp,c
regina.gilmore@hades.myemma.com,APu,dN,v,kqLXS,UNoeO,Jww,yCwV,bn,K,r,Zrx,dqTa,RE,SDYJTj,aHRHu,UqV,If,R,kzoy,z,WPX,g,JOH,TX,Jh,c,jvTlfX,xODZ,ROj,zzUiV,cT,SvCvK,jJcFq,ogzQz,QQpX,eLnvbU,s,ZjFF,OS,Syz,qLNS,h,HcL,CCWx,ZhmEI,ux,orI,nrV,sX,SUboL,OjnI,Dynh,bTK,qBJ,fU,Xtjf,WMg,TsVGdX,h,YnN,P,ALX,xPPQ,E,S,suks,uqzHs,lJNLr,Xl,MwSSU,LwLqfS,i,vf,ejVFi,eNlRx
